id,value
flare,
flare.analytics,
flare.analytics.cluster,
flare.analytics.cluster.AgglomerativeCluster,3938
flare.analytics.cluster.CommunityStructure,3812
flare.animate,
flare.animate.Easing,17010
flare.animate.FunctionSequence,5842
flare.animate.interpolate,
flare.animate.interpolate.ArrayInterpolator,1983
flare.animate.interpolate.ColorInterpolator,2047
flare.animate.ISchedulable,1041
flare.animate.Parallel,5176
flare.animate.Pause,449
flare.data,
flare.data.converters,
flare.data.converters.Converters,721
flare.data.converters.DelimitedTextConverter,4294
flare.data.DataField,1759
flare.data.DataSchema,2165
flare.data.DataSet,586
flare.display,
flare.display.DirtySprite,8833
flare.flex,
flare.flex.FlareVis,4116
flare.physics.Spring,2213
flare.physics.SpringForce,1681
flare.query,
flare.query.AggregateExpression,1616
flare.query.methods.not,386
flare.physics,
